tick_id,timestamp,second_bucket,records_in_tick
1,2025-04-22T15:47:00.237904-04:00,2025-04-22T15:47:00,400
2,2025-04-22T15:47:01.463643-04:00,2025-04-22T15:47:01,400
3,2025-04-22T15:47:01.482593-04:00,2025-04-22T15:47:01,400
4,2025-04-22T15:47:01.501541-04:00,2025-04-22T15:47:01,400
5,2025-04-22T15:47:01.521996-04:00,2025-04-22T15:47:01,400
6,2025-04-22T15:47:01.541942-04:00,2025-04-22T15:47:01,400
7,2025-04-22T15:47:01.559894-04:00,2025-04-22T15:47:01,400
8,2025-04-22T15:47:01.576849-04:00,2025-04-22T15:47:01,400
9,2025-04-22T15:47:01.594801-04:00,2025-04-22T15:47:01,400
10,2025-04-22T15:47:01.614747-04:00,2025-04-22T15:47:01,400
11,2025-04-22T15:47:01.633208-04:00,2025-04-22T15:47:01,400
12,2025-04-22T15:47:01.653155-04:00,2025-04-22T15:47:01,400
13,2025-04-22T15:47:01.671107-04:00,2025-04-22T15:47:01,400
14,2025-04-22T15:47:01.736931-04:00,2025-04-22T15:47:01,400
15,2025-04-22T15:47:01.755880-04:00,2025-04-22T15:47:01,400
16,2025-04-22T15:47:01.939923-04:00,2025-04-22T15:47:01,400
17,2025-04-22T15:47:01.958872-04:00,2025-04-22T15:47:01,400
18,2025-04-22T15:47:02.040653-04:00,2025-04-22T15:47:02,400
19,2025-04-22T15:47:02.244109-04:00,2025-04-22T15:47:02,400
20,2025-04-22T15:47:02.547161-04:00,2025-04-22T15:47:02,400
21,2025-04-22T15:47:02.567108-04:00,2025-04-22T15:47:02,400
22,2025-04-22T15:47:02.585060-04:00,2025-04-22T15:47:02,400
23,2025-04-22T15:47:02.756109-04:00,2025-04-22T15:47:02,400
24,2025-04-22T15:47:02.777053-04:00,2025-04-22T15:47:02,400
25,2025-04-22T15:47:02.795005-04:00,2025-04-22T15:47:02,400
26,2025-04-22T15:47:03.066431-04:00,2025-04-22T15:47:03,400
27,2025-04-22T15:47:03.086377-04:00,2025-04-22T15:47:03,400
28,2025-04-22T15:47:03.269886-04:00,2025-04-22T15:47:03,400
29,2025-04-22T15:47:03.290830-04:00,2025-04-22T15:47:03,400
30,2025-04-22T15:47:03.574319-04:00,2025-04-22T15:47:03,400
31,2025-04-22T15:47:03.596261-04:00,2025-04-22T15:47:03,400
32,2025-04-22T15:47:03.616207-04:00,2025-04-22T15:47:03,400
33,2025-04-22T15:47:03.784881-04:00,2025-04-22T15:47:03,400
34,2025-04-22T15:47:03.989334-04:00,2025-04-22T15:47:03,400
35,2025-04-22T15:47:04.009282-04:00,2025-04-22T15:47:04,400
36,2025-04-22T15:47:04.028231-04:00,2025-04-22T15:47:04,400
37,2025-04-22T15:47:04.302497-04:00,2025-04-22T15:47:04,400
38,2025-04-22T15:47:04.323442-04:00,2025-04-22T15:47:04,400
39,2025-04-22T15:47:04.348375-04:00,2025-04-22T15:47:04,400
40,2025-04-22T15:47:04.615661-04:00,2025-04-22T15:47:04,400
41,2025-04-22T15:47:04.634609-04:00,2025-04-22T15:47:04,400
42,2025-04-22T15:47:04.823612-04:00,2025-04-22T15:47:04,400
43,2025-04-22T15:47:04.843558-04:00,2025-04-22T15:47:04,400
44,2025-04-22T15:47:04.862508-04:00,2025-04-22T15:47:04,400
45,2025-04-22T15:47:05.126801-04:00,2025-04-22T15:47:05,400
46,2025-04-22T15:47:05.145750-04:00,2025-04-22T15:47:05,400
47,2025-04-22T15:47:05.348225-04:00,2025-04-22T15:47:05,400
48,2025-04-22T15:47:05.369169-04:00,2025-04-22T15:47:05,400
49,2025-04-22T15:47:05.551867-04:00,2025-04-22T15:47:05,400
50,2025-04-22T15:47:05.569794-04:00,2025-04-22T15:47:05,400
51,2025-04-22T15:47:05.856028-04:00,2025-04-22T15:47:05,400
52,2025-04-22T15:47:05.875974-04:00,2025-04-22T15:47:05,400
53,2025-04-22T15:47:06.064471-04:00,2025-04-22T15:47:06,400
54,2025-04-22T15:47:06.092397-04:00,2025-04-22T15:47:06,400
55,2025-04-22T15:47:06.383650-04:00,2025-04-22T15:47:06,400
56,2025-04-22T15:47:06.611230-04:00,2025-04-22T15:47:06,400
57,2025-04-22T15:47:06.815895-04:00,2025-04-22T15:47:06,400
58,2025-04-22T15:47:07.018859-04:00,2025-04-22T15:47:07,400
59,2025-04-22T15:47:07.040801-04:00,2025-04-22T15:47:07,400
60,2025-04-22T15:47:07.126572-04:00,2025-04-22T15:47:07,400
61,2025-04-22T15:47:07.330427-04:00,2025-04-22T15:47:07,400
62,2025-04-22T15:47:07.349377-04:00,2025-04-22T15:47:07,400
63,2025-04-22T15:47:07.534391-04:00,2025-04-22T15:47:07,400
64,2025-04-22T15:47:07.556332-04:00,2025-04-22T15:47:07,400
65,2025-04-22T15:47:07.839056-04:00,2025-04-22T15:47:07,400
66,2025-04-22T15:47:07.860001-04:00,2025-04-22T15:47:07,400
67,2025-04-22T15:47:07.879948-04:00,2025-04-22T15:47:07,400
68,2025-04-22T15:47:08.053484-04:00,2025-04-22T15:47:08,400
69,2025-04-22T15:47:08.074429-04:00,2025-04-22T15:47:08,400
70,2025-04-22T15:47:08.252950-04:00,2025-04-22T15:47:08,400
71,2025-04-22T15:47:08.357670-04:00,2025-04-22T15:47:08,400
72,2025-04-22T15:47:08.558640-04:00,2025-04-22T15:47:08,400
73,2025-04-22T15:47:08.577590-04:00,2025-04-22T15:47:08,400
74,2025-04-22T15:47:08.863512-04:00,2025-04-22T15:47:08,400
75,2025-04-22T15:47:08.882461-04:00,2025-04-22T15:47:08,400
76,2025-04-22T15:47:09.066477-04:00,2025-04-22T15:47:09,400
77,2025-04-22T15:47:09.086423-04:00,2025-04-22T15:47:09,400
78,2025-04-22T15:47:09.273429-04:00,2025-04-22T15:47:09,400
79,2025-04-22T15:47:09.299360-04:00,2025-04-22T15:47:09,400
80,2025-04-22T15:47:09.583600-04:00,2025-04-22T15:47:09,400
81,2025-04-22T15:47:09.602549-04:00,2025-04-22T15:47:09,400
82,2025-04-22T15:47:09.788054-04:00,2025-04-22T15:47:09,400
83,2025-04-22T15:47:09.806005-04:00,2025-04-22T15:47:09,400
84,2025-04-22T15:47:10.003497-04:00,2025-04-22T15:47:10,400
85,2025-04-22T15:47:10.023443-04:00,2025-04-22T15:47:10,400
86,2025-04-22T15:47:10.041396-04:00,2025-04-22T15:47:10,400
87,2025-04-22T15:47:10.306193-04:00,2025-04-22T15:47:10,400
88,2025-04-22T15:47:10.325143-04:00,2025-04-22T15:47:10,400
89,2025-04-22T15:47:10.508193-04:00,2025-04-22T15:47:10,400
90,2025-04-22T15:47:10.526144-04:00,2025-04-22T15:47:10,400
91,2025-04-22T15:47:10.608769-04:00,2025-04-22T15:47:10,400
92,2025-04-22T15:47:10.817443-04:00,2025-04-22T15:47:10,400
93,2025-04-22T15:47:11.015309-04:00,2025-04-22T15:47:11,400
94,2025-04-22T15:47:11.035256-04:00,2025-04-22T15:47:11,400
95,2025-04-22T15:47:11.118036-04:00,2025-04-22T15:47:11,400
96,2025-04-22T15:47:11.321-04:00,2025-04-22T15:47:11,400
97,2025-04-22T15:47:11.340946-04:00,2025-04-22T15:47:11,400
98,2025-04-22T15:47:11.626183-04:00,2025-04-22T15:47:11,400
99,2025-04-22T15:47:11.644135-04:00,2025-04-22T15:47:11,400
100,2025-04-22T15:47:11.830743-04:00,2025-04-22T15:47:11,400
101,2025-04-22T15:47:11.849692-04:00,2025-04-22T15:47:11,400
102,2025-04-22T15:47:12.039273-04:00,2025-04-22T15:47:12,400
103,2025-04-22T15:47:12.058222-04:00,2025-04-22T15:47:12,400
104,2025-04-22T15:47:12.347042-04:00,2025-04-22T15:47:12,400
105,2025-04-22T15:47:12.366989-04:00,2025-04-22T15:47:12,400
106,2025-04-22T15:47:12.553492-04:00,2025-04-22T15:47:12,400
107,2025-04-22T15:47:12.571445-04:00,2025-04-22T15:47:12,400
108,2025-04-22T15:47:12.756523-04:00,2025-04-22T15:47:12,400
109,2025-04-22T15:47:12.775472-04:00,2025-04-22T15:47:12,400
110,2025-04-22T15:47:12.858757-04:00,2025-04-22T15:47:12,400
111,2025-04-22T15:47:13.060113-04:00,2025-04-22T15:47:13,400
112,2025-04-22T15:47:13.080060-04:00,2025-04-22T15:47:13,400
113,2025-04-22T15:47:13.364325-04:00,2025-04-22T15:47:13,400
114,2025-04-22T15:47:13.383248-04:00,2025-04-22T15:47:13,400
115,2025-04-22T15:47:13.566758-04:00,2025-04-22T15:47:13,400
116,2025-04-22T15:47:13.585708-04:00,2025-04-22T15:47:13,400
117,2025-04-22T15:47:13.771211-04:00,2025-04-22T15:47:13,400
118,2025-04-22T15:47:13.790161-04:00,2025-04-22T15:47:13,400
119,2025-04-22T15:47:14.076930-04:00,2025-04-22T15:47:14,400
120,2025-04-22T15:47:14.095878-04:00,2025-04-22T15:47:14,400
121,2025-04-22T15:47:14.111836-04:00,2025-04-22T15:47:14,400
122,2025-04-22T15:47:14.278898-04:00,2025-04-22T15:47:14,400
123,2025-04-22T15:47:14.297846-04:00,2025-04-22T15:47:14,400
124,2025-04-22T15:47:14.583113-04:00,2025-04-22T15:47:14,400
125,2025-04-22T15:47:14.602035-04:00,2025-04-22T15:47:14,400
126,2025-04-22T15:47:14.787051-04:00,2025-04-22T15:47:14,400
127,2025-04-22T15:47:14.805999-04:00,2025-04-22T15:47:14,400
128,2025-04-22T15:47:14.826944-04:00,2025-04-22T15:47:14,400
129,2025-04-22T15:47:15.109188-04:00,2025-04-22T15:47:15,400
130,2025-04-22T15:47:15.128137-04:00,2025-04-22T15:47:15,400
131,2025-04-22T15:47:15.313642-04:00,2025-04-22T15:47:15,400
132,2025-04-22T15:47:15.332591-04:00,2025-04-22T15:47:15,400
133,2025-04-22T15:47:15.615836-04:00,2025-04-22T15:47:15,400
134,2025-04-22T15:47:15.820918-04:00,2025-04-22T15:47:15,400
135,2025-04-22T15:47:15.838871-04:00,2025-04-22T15:47:15,400
136,2025-04-22T15:47:15.857820-04:00,2025-04-22T15:47:15,400
137,2025-04-22T15:47:16.125098-04:00,2025-04-22T15:47:16,400
138,2025-04-22T15:47:16.143049-04:00,2025-04-22T15:47:16,400
139,2025-04-22T15:47:16.328466-04:00,2025-04-22T15:47:16,400
140,2025-04-22T15:47:16.346418-04:00,2025-04-22T15:47:16,400
141,2025-04-22T15:47:16.364370-04:00,2025-04-22T15:47:16,400
142,2025-04-22T15:47:16.637179-04:00,2025-04-22T15:47:16,400
143,2025-04-22T15:47:16.656129-04:00,2025-04-22T15:47:16,400
144,2025-04-22T15:47:16.841633-04:00,2025-04-22T15:47:16,400
145,2025-04-22T15:47:16.859585-04:00,2025-04-22T15:47:16,400
146,2025-04-22T15:47:17.045089-04:00,2025-04-22T15:47:17,400
147,2025-04-22T15:47:17.064038-04:00,2025-04-22T15:47:17,400
148,2025-04-22T15:47:17.348789-04:00,2025-04-22T15:47:17,400
149,2025-04-22T15:47:17.369734-04:00,2025-04-22T15:47:17,400
150,2025-04-22T15:47:17.388683-04:00,2025-04-22T15:47:17,400
151,2025-04-22T15:47:17.552248-04:00,2025-04-22T15:47:17,400
152,2025-04-22T15:47:17.570200-04:00,2025-04-22T15:47:17,400
153,2025-04-22T15:47:17.855943-04:00,2025-04-22T15:47:17,400
154,2025-04-22T15:47:17.876887-04:00,2025-04-22T15:47:17,400
155,2025-04-22T15:47:18.060397-04:00,2025-04-22T15:47:18,400
156,2025-04-22T15:47:18.080343-04:00,2025-04-22T15:47:18,400
157,2025-04-22T15:47:18.364582-04:00,2025-04-22T15:47:18,400
158,2025-04-22T15:47:18.386524-04:00,2025-04-22T15:47:18,400
159,2025-04-22T15:47:18.568037-04:00,2025-04-22T15:47:18,400
160,2025-04-22T15:47:18.587985-04:00,2025-04-22T15:47:18,400
161,2025-04-22T15:47:18.669274-04:00,2025-04-22T15:47:18,400
162,2025-04-22T15:47:18.871385-04:00,2025-04-22T15:47:18,400
163,2025-04-22T15:47:18.977102-04:00,2025-04-22T15:47:18,400
164,2025-04-22T15:47:19.078831-04:00,2025-04-22T15:47:19,400
165,2025-04-22T15:47:19.097780-04:00,2025-04-22T15:47:19,400
166,2025-04-22T15:47:19.382076-04:00,2025-04-22T15:47:19,400
167,2025-04-22T15:47:19.401025-04:00,2025-04-22T15:47:19,400
168,2025-04-22T15:47:19.587037-04:00,2025-04-22T15:47:19,400
169,2025-04-22T15:47:19.604989-04:00,2025-04-22T15:47:19,400
170,2025-04-22T15:47:19.890019-04:00,2025-04-22T15:47:19,400
171,2025-04-22T15:47:19.907971-04:00,2025-04-22T15:47:19,400
172,2025-04-22T15:47:19.925923-04:00,2025-04-22T15:47:19,400
173,2025-04-22T15:47:20.094472-04:00,2025-04-22T15:47:20,400
174,2025-04-22T15:47:20.112424-04:00,2025-04-22T15:47:20,400
175,2025-04-22T15:47:20.298785-04:00,2025-04-22T15:47:20,400
176,2025-04-22T15:47:20.316737-04:00,2025-04-22T15:47:20,400
177,2025-04-22T15:47:20.602973-04:00,2025-04-22T15:47:20,400
178,2025-04-22T15:47:20.621923-04:00,2025-04-22T15:47:20,400
179,2025-04-22T15:47:20.806112-04:00,2025-04-22T15:47:20,400
180,2025-04-22T15:47:20.825062-04:00,2025-04-22T15:47:20,400
181,2025-04-22T15:47:21.009160-04:00,2025-04-22T15:47:21,400
182,2025-04-22T15:47:21.027113-04:00,2025-04-22T15:47:21,400
183,2025-04-22T15:47:21.313030-04:00,2025-04-22T15:47:21,400
184,2025-04-22T15:47:21.518639-04:00,2025-04-22T15:47:21,400
185,2025-04-22T15:47:21.537588-04:00,2025-04-22T15:47:21,400
186,2025-04-22T15:47:21.557534-04:00,2025-04-22T15:47:21,400
187,2025-04-22T15:47:21.726087-04:00,2025-04-22T15:47:21,400
188,2025-04-22T15:47:21.745037-04:00,2025-04-22T15:47:21,400
189,2025-04-22T15:47:22.031271-04:00,2025-04-22T15:47:22,400
190,2025-04-22T15:47:22.050221-04:00,2025-04-22T15:47:22,400
191,2025-04-22T15:47:22.233729-04:00,2025-04-22T15:47:22,400
192,2025-04-22T15:47:22.253678-04:00,2025-04-22T15:47:22,400
193,2025-04-22T15:47:22.271162-04:00,2025-04-22T15:47:22,400
194,2025-04-22T15:47:22.437717-04:00,2025-04-22T15:47:22,400
195,2025-04-22T15:47:22.540422-04:00,2025-04-22T15:47:22,400
196,2025-04-22T15:47:22.742515-04:00,2025-04-22T15:47:22,400
197,2025-04-22T15:47:22.763434-04:00,2025-04-22T15:47:22,400
198,2025-04-22T15:47:23.048699-04:00,2025-04-22T15:47:23,400
199,2025-04-22T15:47:23.067648-04:00,2025-04-22T15:47:23,400
200,2025-04-22T15:47:23.085600-04:00,2025-04-22T15:47:23,400
201,2025-04-22T15:47:23.267118-04:00,2025-04-22T15:47:23,400
202,2025-04-22T15:47:23.285070-04:00,2025-04-22T15:47:23,400
203,2025-04-22T15:47:23.469576-04:00,2025-04-22T15:47:23,400
204,2025-04-22T15:47:23.488525-04:00,2025-04-22T15:47:23,400
205,2025-04-22T15:47:23.774342-04:00,2025-04-22T15:47:23,400
206,2025-04-22T15:47:23.791297-04:00,2025-04-22T15:47:23,400
207,2025-04-22T15:47:23.975340-04:00,2025-04-22T15:47:23,400
208,2025-04-22T15:47:24.077699-04:00,2025-04-22T15:47:24,400
209,2025-04-22T15:47:24.282152-04:00,2025-04-22T15:47:24,400
210,2025-04-22T15:47:24.302100-04:00,2025-04-22T15:47:24,400
211,2025-04-22T15:47:24.320051-04:00,2025-04-22T15:47:24,400
212,2025-04-22T15:47:24.588569-04:00,2025-04-22T15:47:24,400
213,2025-04-22T15:47:24.607518-04:00,2025-04-22T15:47:24,400
214,2025-04-22T15:47:24.791028-04:00,2025-04-22T15:47:24,400
215,2025-04-22T15:47:24.810975-04:00,2025-04-22T15:47:24,400
216,2025-04-22T15:47:25.099710-04:00,2025-04-22T15:47:25,400
217,2025-04-22T15:47:25.118659-04:00,2025-04-22T15:47:25,400
218,2025-04-22T15:47:25.137609-04:00,2025-04-22T15:47:25,400
219,2025-04-22T15:47:25.320121-04:00,2025-04-22T15:47:25,400
220,2025-04-22T15:47:25.422846-04:00,2025-04-22T15:47:25,400
221,2025-04-22T15:47:25.625865-04:00,2025-04-22T15:47:25,400
222,2025-04-22T15:47:25.645811-04:00,2025-04-22T15:47:25,400
223,2025-04-22T15:47:25.834869-04:00,2025-04-22T15:47:25,400
224,2025-04-22T15:47:25.853819-04:00,2025-04-22T15:47:25,400
225,2025-04-22T15:47:25.871770-04:00,2025-04-22T15:47:25,400
226,2025-04-22T15:47:26.144042-04:00,2025-04-22T15:47:26,400
227,2025-04-22T15:47:26.357086-04:00,2025-04-22T15:47:26,400
228,2025-04-22T15:47:26.378030-04:00,2025-04-22T15:47:26,400
229,2025-04-22T15:47:26.397976-04:00,2025-04-22T15:47:26,400
230,2025-04-22T15:47:26.554558-04:00,2025-04-22T15:47:26,400
231,2025-04-22T15:47:26.858774-04:00,2025-04-22T15:47:26,400
232,2025-04-22T15:47:26.876726-04:00,2025-04-22T15:47:26,400
233,2025-04-22T15:47:27.062231-04:00,2025-04-22T15:47:27,400
234,2025-04-22T15:47:27.079212-04:00,2025-04-22T15:47:27,400
235,2025-04-22T15:47:27.365546-04:00,2025-04-22T15:47:27,400
236,2025-04-22T15:47:27.385493-04:00,2025-04-22T15:47:27,400
237,2025-04-22T15:47:27.583216-04:00,2025-04-22T15:47:27,400
238,2025-04-22T15:47:27.602647-04:00,2025-04-22T15:47:27,400
239,2025-04-22T15:47:27.787154-04:00,2025-04-22T15:47:27,400
240,2025-04-22T15:47:27.806610-04:00,2025-04-22T15:47:27,400
241,2025-04-22T15:47:28.091849-04:00,2025-04-22T15:47:28,400
242,2025-04-22T15:47:28.110797-04:00,2025-04-22T15:47:28,400
243,2025-04-22T15:47:28.295810-04:00,2025-04-22T15:47:28,400
244,2025-04-22T15:47:28.315757-04:00,2025-04-22T15:47:28,400
245,2025-04-22T15:47:28.598534-04:00,2025-04-22T15:47:28,400
246,2025-04-22T15:47:28.804253-04:00,2025-04-22T15:47:28,400
247,2025-04-22T15:47:28.827191-04:00,2025-04-22T15:47:28,400
248,2025-04-22T15:47:28.846141-04:00,2025-04-22T15:47:28,400
249,2025-04-22T15:47:29.125314-04:00,2025-04-22T15:47:29,400
250,2025-04-22T15:47:29.145288-04:00,2025-04-22T15:47:29,400
251,2025-04-22T15:47:29.328777-04:00,2025-04-22T15:47:29,400
252,2025-04-22T15:47:29.348724-04:00,2025-04-22T15:47:29,400
253,2025-04-22T15:47:29.832941-04:00,2025-04-22T15:47:29,400
254,2025-04-22T15:47:29.852888-04:00,2025-04-22T15:47:29,400
255,2025-04-22T15:47:29.870841-04:00,2025-04-22T15:47:29,400
256,2025-04-22T15:47:30.056369-04:00,2025-04-22T15:47:30,400
257,2025-04-22T15:47:30.074296-04:00,2025-04-22T15:47:30,400
258,2025-04-22T15:47:30.362125-04:00,2025-04-22T15:47:30,400
259,2025-04-22T15:47:30.381075-04:00,2025-04-22T15:47:30,400
260,2025-04-22T15:47:30.399027-04:00,2025-04-22T15:47:30,400
261,2025-04-22T15:47:30.564584-04:00,2025-04-22T15:47:30,400
262,2025-04-22T15:47:30.583533-04:00,2025-04-22T15:47:30,400
263,2025-04-22T15:47:30.869054-04:00,2025-04-22T15:47:30,400
264,2025-04-22T15:47:30.888004-04:00,2025-04-22T15:47:30,400
265,2025-04-22T15:47:31.071513-04:00,2025-04-22T15:47:31,400
266,2025-04-22T15:47:31.088467-04:00,2025-04-22T15:47:31,400
267,2025-04-22T15:47:31.374755-04:00,2025-04-22T15:47:31,400
268,2025-04-22T15:47:31.396697-04:00,2025-04-22T15:47:31,400
269,2025-04-22T15:47:31.577214-04:00,2025-04-22T15:47:31,400
270,2025-04-22T15:47:31.596163-04:00,2025-04-22T15:47:31,400
271,2025-04-22T15:47:31.879962-04:00,2025-04-22T15:47:31,400
272,2025-04-22T15:47:31.899908-04:00,2025-04-22T15:47:31,400
273,2025-04-22T15:47:32.088934-04:00,2025-04-22T15:47:32,400
274,2025-04-22T15:47:32.107884-04:00,2025-04-22T15:47:32,400
275,2025-04-22T15:47:32.292391-04:00,2025-04-22T15:47:32,400
276,2025-04-22T15:47:32.311340-04:00,2025-04-22T15:47:32,400
277,2025-04-22T15:47:32.597085-04:00,2025-04-22T15:47:32,400
278,2025-04-22T15:47:32.616034-04:00,2025-04-22T15:47:32,400
279,2025-04-22T15:47:32.797818-04:00,2025-04-22T15:47:32,400
280,2025-04-22T15:47:32.818763-04:00,2025-04-22T15:47:32,400
281,2025-04-22T15:47:33.001842-04:00,2025-04-22T15:47:33,400
282,2025-04-22T15:47:33.020791-04:00,2025-04-22T15:47:33,400
283,2025-04-22T15:47:33.308496-04:00,2025-04-22T15:47:33,400
284,2025-04-22T15:47:33.327446-04:00,2025-04-22T15:47:33,400
285,2025-04-22T15:47:33.346395-04:00,2025-04-22T15:47:33,400
286,2025-04-22T15:47:33.510955-04:00,2025-04-22T15:47:33,400
287,2025-04-22T15:47:33.528906-04:00,2025-04-22T15:47:33,400
288,2025-04-22T15:47:33.817136-04:00,2025-04-22T15:47:33,400
289,2025-04-22T15:47:33.837083-04:00,2025-04-22T15:47:33,400
290,2025-04-22T15:47:34.022587-04:00,2025-04-22T15:47:34,400
291,2025-04-22T15:47:34.044529-04:00,2025-04-22T15:47:34,400
292,2025-04-22T15:47:34.070459-04:00,2025-04-22T15:47:34,400
293,2025-04-22T15:47:34.549686-04:00,2025-04-22T15:47:34,400
294,2025-04-22T15:47:34.575617-04:00,2025-04-22T15:47:34,400
295,2025-04-22T15:47:34.755137-04:00,2025-04-22T15:47:34,400
296,2025-04-22T15:47:34.865250-04:00,2025-04-22T15:47:34,400
297,2025-04-22T15:47:35.068589-04:00,2025-04-22T15:47:35,400
298,2025-04-22T15:47:35.275493-04:00,2025-04-22T15:47:35,400
299,2025-04-22T15:47:35.294442-04:00,2025-04-22T15:47:35,400
300,2025-04-22T15:47:35.585373-04:00,2025-04-22T15:47:35,400
301,2025-04-22T15:47:35.788830-04:00,2025-04-22T15:47:35,400
302,2025-04-22T15:47:35.993282-04:00,2025-04-22T15:47:35,400
303,2025-04-22T15:47:36.013229-04:00,2025-04-22T15:47:36,400
304,2025-04-22T15:47:36.296869-04:00,2025-04-22T15:47:36,400
305,2025-04-22T15:47:36.317813-04:00,2025-04-22T15:47:36,400
306,2025-04-22T15:47:36.518411-04:00,2025-04-22T15:47:36,400
307,2025-04-22T15:47:36.722864-04:00,2025-04-22T15:47:36,400
308,2025-04-22T15:47:36.742811-04:00,2025-04-22T15:47:36,400
309,2025-04-22T15:47:37.026080-04:00,2025-04-22T15:47:37,400
310,2025-04-22T15:47:37.046026-04:00,2025-04-22T15:47:37,400
311,2025-04-22T15:47:37.232674-04:00,2025-04-22T15:47:37,400
312,2025-04-22T15:47:37.252620-04:00,2025-04-22T15:47:37,400
313,2025-04-22T15:47:37.434135-04:00,2025-04-22T15:47:37,400
314,2025-04-22T15:47:37.535426-04:00,2025-04-22T15:47:37,400
315,2025-04-22T15:47:38.141806-04:00,2025-04-22T15:47:38,400
316,2025-04-22T15:47:38.444875-04:00,2025-04-22T15:47:38,400
317,2025-04-22T15:47:38.463824-04:00,2025-04-22T15:47:38,400
318,2025-04-22T15:47:38.648877-04:00,2025-04-22T15:47:38,400
319,2025-04-22T15:47:38.667851-04:00,2025-04-22T15:47:38,400
320,2025-04-22T15:47:38.959950-04:00,2025-04-22T15:47:38,400
321,2025-04-22T15:47:38.978900-04:00,2025-04-22T15:47:38,400
322,2025-04-22T15:47:39.163406-04:00,2025-04-22T15:47:39,400
323,2025-04-22T15:47:39.182355-04:00,2025-04-22T15:47:39,400
324,2025-04-22T15:47:39.373843-04:00,2025-04-22T15:47:39,400
325,2025-04-22T15:47:39.393791-04:00,2025-04-22T15:47:39,400
326,2025-04-22T15:47:39.679031-04:00,2025-04-22T15:47:39,400
327,2025-04-22T15:47:39.697980-04:00,2025-04-22T15:47:39,400
328,2025-04-22T15:47:39.881999-04:00,2025-04-22T15:47:39,400
329,2025-04-22T15:47:39.901946-04:00,2025-04-22T15:47:39,400
330,2025-04-22T15:47:40.084483-04:00,2025-04-22T15:47:40,400
331,2025-04-22T15:47:40.102216-04:00,2025-04-22T15:47:40,400
332,2025-04-22T15:47:40.388594-04:00,2025-04-22T15:47:40,400
333,2025-04-22T15:47:40.407544-04:00,2025-04-22T15:47:40,400
334,2025-04-22T15:47:40.596045-04:00,2025-04-22T15:47:40,400
335,2025-04-22T15:47:40.614994-04:00,2025-04-22T15:47:40,400
336,2025-04-22T15:47:40.900738-04:00,2025-04-22T15:47:40,400
337,2025-04-22T15:47:40.917692-04:00,2025-04-22T15:47:40,400
338,2025-04-22T15:47:41.103196-04:00,2025-04-22T15:47:41,400
339,2025-04-22T15:47:41.513117-04:00,2025-04-22T15:47:41,400
340,2025-04-22T15:47:41.817017-04:00,2025-04-22T15:47:41,400
341,2025-04-22T15:47:41.835966-04:00,2025-04-22T15:47:41,400
342,2025-04-22T15:47:42.019204-04:00,2025-04-22T15:47:42,400
343,2025-04-22T15:47:42.042141-04:00,2025-04-22T15:47:42,400
344,2025-04-22T15:47:42.060093-04:00,2025-04-22T15:47:42,400
345,2025-04-22T15:47:42.342338-04:00,2025-04-22T15:47:42,400
346,2025-04-22T15:47:42.366274-04:00,2025-04-22T15:47:42,400
347,2025-04-22T15:47:42.543800-04:00,2025-04-22T15:47:42,400
348,2025-04-22T15:47:42.847871-04:00,2025-04-22T15:47:42,400
349,2025-04-22T15:47:42.868815-04:00,2025-04-22T15:47:42,400
350,2025-04-22T15:47:43.052324-04:00,2025-04-22T15:47:43,400
351,2025-04-22T15:47:43.072271-04:00,2025-04-22T15:47:43,400
352,2025-04-22T15:47:43.091221-04:00,2025-04-22T15:47:43,400
353,2025-04-22T15:47:43.360110-04:00,2025-04-22T15:47:43,400
354,2025-04-22T15:47:43.379060-04:00,2025-04-22T15:47:43,400
355,2025-04-22T15:47:43.398010-04:00,2025-04-22T15:47:43,400
356,2025-04-22T15:47:43.565115-04:00,2025-04-22T15:47:43,400
357,2025-04-22T15:47:43.869329-04:00,2025-04-22T15:47:43,400
358,2025-04-22T15:47:43.895260-04:00,2025-04-22T15:47:43,400
359,2025-04-22T15:47:43.914209-04:00,2025-04-22T15:47:43,400
360,2025-04-22T15:47:44.105697-04:00,2025-04-22T15:47:44,400
361,2025-04-22T15:47:44.350044-04:00,2025-04-22T15:47:44,400
362,2025-04-22T15:47:44.756467-04:00,2025-04-22T15:47:44,400
363,2025-04-22T15:47:45.684046-04:00,2025-04-22T15:47:45,400
364,2025-04-22T15:47:45.708979-04:00,2025-04-22T15:47:45,400
365,2025-04-22T15:47:45.888925-04:00,2025-04-22T15:47:45,400
366,2025-04-22T15:47:46.201091-04:00,2025-04-22T15:47:46,400
367,2025-04-22T15:47:46.428502-04:00,2025-04-22T15:47:46,400
368,2025-04-22T15:47:46.456429-04:00,2025-04-22T15:47:46,400
369,2025-04-22T15:47:46.748159-04:00,2025-04-22T15:47:46,400
370,2025-04-22T15:47:46.769103-04:00,2025-04-22T15:47:46,400
371,2025-04-22T15:47:46.949621-04:00,2025-04-22T15:47:46,400
372,2025-04-22T15:47:47.253808-04:00,2025-04-22T15:47:47,400
373,2025-04-22T15:47:47.275749-04:00,2025-04-22T15:47:47,400
374,2025-04-22T15:47:47.460243-04:00,2025-04-22T15:47:47,400
375,2025-04-22T15:47:47.674223-04:00,2025-04-22T15:47:47,400
376,2025-04-22T15:47:47.702148-04:00,2025-04-22T15:47:47,400
377,2025-04-22T15:47:47.773955-04:00,2025-04-22T15:47:47,400
378,2025-04-22T15:47:47.983904-04:00,2025-04-22T15:47:47,400
379,2025-04-22T15:47:48.181752-04:00,2025-04-22T15:47:48,400
380,2025-04-22T15:47:48.487007-04:00,2025-04-22T15:47:48,400
381,2025-04-22T15:47:48.512937-04:00,2025-04-22T15:47:48,400
382,2025-04-22T15:47:48.690462-04:00,2025-04-22T15:47:48,400
383,2025-04-22T15:47:48.794184-04:00,2025-04-22T15:47:48,400
384,2025-04-22T15:47:49.004622-04:00,2025-04-22T15:47:49,400
385,2025-04-22T15:47:49.024568-04:00,2025-04-22T15:47:49,400
386,2025-04-22T15:47:49.308808-04:00,2025-04-22T15:47:49,400
387,2025-04-22T15:47:49.514770-04:00,2025-04-22T15:47:49,400
388,2025-04-22T15:47:49.538707-04:00,2025-04-22T15:47:49,400
389,2025-04-22T15:47:49.560648-04:00,2025-04-22T15:47:49,400
390,2025-04-22T15:47:49.717131-04:00,2025-04-22T15:47:49,400
391,2025-04-22T15:47:50.026131-04:00,2025-04-22T15:47:50,400
392,2025-04-22T15:47:50.046583-04:00,2025-04-22T15:47:50,400
393,2025-04-22T15:47:50.225612-04:00,2025-04-22T15:47:50,400
394,2025-04-22T15:47:50.329337-04:00,2025-04-22T15:47:50,400
395,2025-04-22T15:47:50.532791-04:00,2025-04-22T15:47:50,400
396,2025-04-22T15:47:50.555729-04:00,2025-04-22T15:47:50,400
397,2025-04-22T15:47:50.837426-04:00,2025-04-22T15:47:50,400
398,2025-04-22T15:47:51.041879-04:00,2025-04-22T15:47:51,400
399,2025-04-22T15:47:51.062824-04:00,2025-04-22T15:47:51,400
400,2025-04-22T15:47:51.247350-04:00,2025-04-22T15:47:51,400
401,2025-04-22T15:47:51.269292-04:00,2025-04-22T15:47:51,400
402,2025-04-22T15:47:51.553014-04:00,2025-04-22T15:47:51,400
403,2025-04-22T15:47:51.574956-04:00,2025-04-22T15:47:51,400
404,2025-04-22T15:47:51.597894-04:00,2025-04-22T15:47:51,400
405,2025-04-22T15:47:51.762454-04:00,2025-04-22T15:47:51,400
406,2025-04-22T15:47:51.864689-04:00,2025-04-22T15:47:51,400
407,2025-04-22T15:47:52.067091-04:00,2025-04-22T15:47:52,400
408,2025-04-22T15:47:52.090032-04:00,2025-04-22T15:47:52,400
409,2025-04-22T15:47:52.373780-04:00,2025-04-22T15:47:52,400
410,2025-04-22T15:47:52.397715-04:00,2025-04-22T15:47:52,400
411,2025-04-22T15:47:52.576238-04:00,2025-04-22T15:47:52,400
412,2025-04-22T15:47:52.597182-04:00,2025-04-22T15:47:52,400
413,2025-04-22T15:47:52.880812-04:00,2025-04-22T15:47:52,400
414,2025-04-22T15:47:52.901755-04:00,2025-04-22T15:47:52,400
415,2025-04-22T15:47:53.085264-04:00,2025-04-22T15:47:53,400
416,2025-04-22T15:47:53.106208-04:00,2025-04-22T15:47:53,400
417,2025-04-22T15:47:53.128150-04:00,2025-04-22T15:47:53,400
418,2025-04-22T15:47:53.339100-04:00,2025-04-22T15:47:53,400
419,2025-04-22T15:47:53.639591-04:00,2025-04-22T15:47:53,400
420,2025-04-22T15:47:53.842540-04:00,2025-04-22T15:47:53,400
421,2025-04-22T15:47:54.049499-04:00,2025-04-22T15:47:54,400
422,2025-04-22T15:47:54.068450-04:00,2025-04-22T15:47:54,400
423,2025-04-22T15:47:54.358184-04:00,2025-04-22T15:47:54,400
424,2025-04-22T15:47:54.382120-04:00,2025-04-22T15:47:54,400
425,2025-04-22T15:47:54.573609-04:00,2025-04-22T15:47:54,400
426,2025-04-22T15:47:54.596547-04:00,2025-04-22T15:47:54,400
427,2025-04-22T15:47:54.883878-04:00,2025-04-22T15:47:54,400
428,2025-04-22T15:47:55.087841-04:00,2025-04-22T15:47:55,400
429,2025-04-22T15:47:55.108296-04:00,2025-04-22T15:47:55,400
430,2025-04-22T15:47:55.387079-04:00,2025-04-22T15:47:55,400
431,2025-04-22T15:47:55.592528-04:00,2025-04-22T15:47:55,400
432,2025-04-22T15:47:55.616465-04:00,2025-04-22T15:47:55,400
433,2025-04-22T15:47:55.796004-04:00,2025-04-22T15:47:55,400
434,2025-04-22T15:47:55.822932-04:00,2025-04-22T15:47:55,400
435,2025-04-22T15:47:56.100210-04:00,2025-04-22T15:47:56,400
436,2025-04-22T15:47:56.120157-04:00,2025-04-22T15:47:56,400
437,2025-04-22T15:47:56.302179-04:00,2025-04-22T15:47:56,400
438,2025-04-22T15:47:56.403908-04:00,2025-04-22T15:47:56,400
439,2025-04-22T15:47:56.630303-04:00,2025-04-22T15:47:56,400
440,2025-04-22T15:47:56.651246-04:00,2025-04-22T15:47:56,400
441,2025-04-22T15:47:56.839742-04:00,2025-04-22T15:47:56,400
442,2025-04-22T15:47:56.867667-04:00,2025-04-22T15:47:56,400
443,2025-04-22T15:47:57.257665-04:00,2025-04-22T15:47:57,400
444,2025-04-22T15:47:57.562061-04:00,2025-04-22T15:47:57,400
445,2025-04-22T15:47:57.763519-04:00,2025-04-22T15:47:57,400
446,2025-04-22T15:47:58.066616-04:00,2025-04-22T15:47:58,400
447,2025-04-22T15:47:58.268094-04:00,2025-04-22T15:47:58,400
448,2025-04-22T15:47:58.576270-04:00,2025-04-22T15:47:58,400
449,2025-04-22T15:47:58.605193-04:00,2025-04-22T15:47:58,400
450,2025-04-22T15:47:58.635112-04:00,2025-04-22T15:47:58,400
451,2025-04-22T15:47:58.787218-04:00,2025-04-22T15:47:58,400
452,2025-04-22T15:47:58.988680-04:00,2025-04-22T15:47:58,400
453,2025-04-22T15:47:59.293206-04:00,2025-04-22T15:47:59,400
454,2025-04-22T15:47:59.315147-04:00,2025-04-22T15:47:59,400
455,2025-04-22T15:47:59.495364-04:00,2025-04-22T15:47:59,400
456,2025-04-22T15:47:59.814020-04:00,2025-04-22T15:47:59,400
